<?xml version="1.0" encoding="UTF-8"?>
<!DOCTYPE suite SYSTEM "http://testng.org/testng-1.0.dtd">
<suite name="Failed suite [Suite]">
  <test name="Test(failed)">
    <classes>
      <class name="AssginmentIBM_TC.Verification_Testng">
        <methods>
          <include name="verifyAuthPageAndSignIn"/>
          <include name="afterMethod"/>
          <include name="beforeMethod"/>
        </methods>
      </class> <!-- AssginmentIBM_TC.Verification_Testng -->
    </classes>
  </test> <!-- Test(failed) -->
</suite> <!-- Failed suite [Suite] -->
