<?xml version="1.0" encoding="UTF-8"?>
<!DOCTYPE suite SYSTEM "http://testng.org/testng-1.0.dtd">
<suite name="Failed suite [Default suite]">
  <test name="Default test(failed)">
    <classes>
      <class name="test.java.AddToCartMakePaymentTest">
        <methods>
          <include name="afterMethod"/>
          <include name="addgTocartFromOverlay"/>
          <include name="beforeMethod"/>
          <include name="cleanup"/>
        </methods>
      </class> <!-- test.java.AddToCartMakePaymentTest -->
    </classes>
  </test> <!-- Default test(failed) -->
</suite> <!-- Failed suite [Default suite] -->
