<?xml version="1.0" encoding="UTF-8"?>
<!DOCTYPE suite SYSTEM "http://testng.org/testng-1.0.dtd" >

<suite name="Suite" parallel="none">

  
	<test name="Test" preserve-order="true">
	    

		<classes>
				
		<class name="AssignmentTestNG.VerifyAuthPageSignInTest.java">
				<methods>
					<include name="clickOnSignVerifyAuthPage" />     
					<include name="verifyAuthPageAndSignIn" />   
					<include name="verifyAccountpageDetails" />    
					
				</methods>
			</class>
		</classes>
	</test>

</suite>














